kec_target_id,rhee_id,rhee_id_basis,object,kec_section_position_m,rhee_section_position_m,delta_position_m,kec_figure_depth_m,rhee_figure_depth_m,delta_depth_m,agreement,notes
AS-A01,AP-A01,single_label,styrofoam D0.5,2.00,1.98,-0.02,0.34,0.35,+0.01,agree,KEC text cites 0.27 m for a cavity model directly beneath the pavement
AS-A02,AP-A02,single_label,styrofoam D0.5 over drain,5.00,5.01,+0.01,0.80,0.89,+0.09,agree,KEC text states 0.77 m
AS-A03,AP-A03,single_label,styrofoam D0.5,8.00,8.00,+0.00,0.98,1.01,+0.03,agree,
AS-A04,AP-A04,single_label,styrofoam D0.5,11.00,10.99,-0.01,1.57,1.53,-0.04,agree,
AS-A05,AP-A05,single_label,styrofoam D0.5,14.00,14.00,+0.00,2.06,2.03,-0.03,agree,
AS-A06,AP-A06,single_label,styrofoam D1.0,17.00,16.99,-0.01,3.04,3.03,-0.01,agree,
AS-A07,AP-A07,single_label,styrofoam D1.0,20.00,20.01,+0.01,2.70,2.52,-0.18,DISAGREE_depth,
AS-A08,AP-A08,single_label,styrofoam D1.0,23.03,23.00,-0.03,2.00,2.02,+0.02,agree,
AS-A09,AP-A09,single_label,styrofoam D1.0,26.06,25.99,-0.07,1.54,1.52,-0.02,agree,
AS-A10,AP-A10,single_label,styrofoam D1.0,29.02,29.01,-0.01,0.38,0.35,-0.03,agree,
AS-D01,AP-B04,order_within_label_group,transverse drain pipe (box top),5.00,5.00,+0.00,1.05,1.05,+0.00,agree,"Rhee group label AP-B03,04,05"
AS-B01,AP-B01,order_within_label_group,steel plate (start marker),0.26,0.46,+0.20,,0.32,,DISAGREE_position (depth not comparable: not drawn in KEC section),KEC draws the plate in plan only (0.02-0.49 m); Rhee draws it at 0.21-0.71 m
AS-B02,,not_numbered,loosened zone 2.0x1.8,2.00,2.01,+0.01,0.31,0.33,+0.02,agree,"extents: KEC 1.0-3.0 m, Rhee 1.02-3.00 m"
AS-B03,AP-B02,order_within_label_group,rock D0.6,1.98,1.98,+0.00,2.02,2.02,+0.00,agree,
AS-B04,AP-B03,order_within_label_group,styrofoam D0.5 (line B),4.25,4.30,+0.05,1.74,1.70,-0.04,agree,
AS-B05,AP-B05,order_within_label_group,styrofoam D0.5 (line B),5.76,5.71,-0.05,1.10,1.09,-0.01,agree,
AS-B06,AP-B06,order_within_label_group,"earthenware, water",7.97,7.98,+0.01,2.36,2.40,+0.04,agree,
AS-B07,AP-B07,order_within_label_group,"earthenware, empty",9.01,8.97,-0.04,2.36,2.42,+0.06,agree,
AS-B08,AP-B08,order_within_label_group,concrete block,11.00,10.95,-0.05,2.40,2.45,+0.05,agree,
AS-B09,AP-B09,order_within_label_group,asphalt block,12.02,11.98,-0.04,2.40,2.45,+0.05,agree,
AS-B10,,not_numbered,loosened zone 6.0x2.8,16.00,15.99,-0.01,0.90,0.90,+0.00,agree,"extents: KEC 13.0-19.0 m, Rhee 12.99-18.98 m"
AS-B11,AP-B10,order_within_label_group,"earthenware, water",14.02,13.97,-0.05,2.05,1.97,-0.08,agree,
AS-B12,AP-B11,order_within_label_group,"earthenware, empty",15.02,15.01,-0.01,2.05,1.97,-0.08,agree,
AS-B13,AP-B12,order_within_label_group,concrete block,16.98,16.99,+0.01,2.00,1.97,-0.03,agree,
AS-B14,AP-B13,order_within_label_group,asphalt block,17.95,18.01,+0.06,2.00,1.97,-0.03,agree,
AS-B15,AP-B14,order_within_label_group,"plastic container, water",20.06,19.94,-0.12,1.09,1.06,-0.03,agree,
AS-B16,AP-B15,order_within_label_group,"plastic container, empty",20.98,20.94,-0.04,1.05,1.06,+0.01,agree,
AS-B17,AP-B16,order_within_label_group,concrete block,23.04,22.98,-0.06,1.02,1.06,+0.04,agree,
AS-B18,AP-B17,order_within_label_group,asphalt block,23.99,23.98,-0.01,1.02,1.06,+0.04,agree,
AS-B19,,not_numbered,loosened zone 5.0x1.8,27.50,27.53,+0.03,2.00,2.01,+0.01,agree,"extents: KEC 25.0-30.0 m, Rhee 25.02-30.04 m"
AS-B20,AP-B18,order_within_label_group,"plastic container, water",26.01,26.04,+0.03,0.41,0.36,-0.05,agree,
AS-B21,AP-B19,order_within_label_group,"plastic container, empty",26.98,27.03,+0.05,0.41,0.36,-0.05,agree,
AS-B22,AP-B20,order_within_label_group,concrete block,28.01,28.03,+0.02,0.33,0.36,+0.03,agree,
AS-B23,AP-B21,order_within_label_group,asphalt block,29.00,29.04,+0.04,0.36,0.36,+0.00,agree,
CO-A01,CP-A01,order_within_label_group,styrofoam D1.0,0.99,1.00,+0.01,2.21,2.49,+0.28,DISAGREE_depth,"Rhee group label CP-A01,02"
CO-A02,CP-A02,order_within_label_group,styrofoam D1.0,2.04,1.98,-0.06,0.73,0.34,-0.39,DISAGREE_depth,Rhee's 0.34 m is shallower than the 0.45 m concrete pavement structure
CO-A03,CP-A03,order_within_label_group,styrofoam D1.0 over drain,4.59,4.98,+0.39,1.25,1.19,-0.06,DISAGREE_position,"Rhee group label CP-A03,04"
CO-A04,CP-A04,order_within_label_group,styrofoam D0.5 (off line A),5.43,5.71,+0.28,2.16,2.03,-0.13,DISAGREE_position,
CO-A05,CP-A05,single_label,styrofoam D1.0,8.03,7.97,-0.06,1.23,1.03,-0.20,DISAGREE_depth,
CO-A06,CP-A06,single_label,styrofoam D1.0,11.04,10.96,-0.08,1.75,1.50,-0.25,DISAGREE_depth,
CO-A07,CP-A07,single_label,styrofoam D1.0,14.02,13.95,-0.07,2.26,2.03,-0.23,DISAGREE_depth,
CO-A08,CP-A08,single_label,styrofoam D1.0,16.03,15.96,-0.07,2.26,2.01,-0.25,DISAGREE_depth,
CO-A09,CP-A09,single_label,styrofoam D1.0,19.03,18.99,-0.04,1.72,1.51,-0.21,DISAGREE_depth,
CO-A10,CP-B10,single_label,styrofoam D1.0,21.99,21.98,-0.01,1.25,1.02,-0.23,DISAGREE_depth,Rhee labels this line-A object 'CP-B10'; by sequence it would be CP-A10
CO-A11,CP-A11,order_within_label_group,styrofoam D0.5 (off line A),24.35,24.23,-0.12,2.09,2.09,+0.00,agree,"Rhee group label CP-A11,12"
CO-A12,CP-A12,order_within_label_group,styrofoam D1.0 over drain,25.03,24.97,-0.06,1.23,1.22,-0.01,agree,
CO-A13,CP-A13,order_within_label_group,styrofoam D1.0,27.98,27.89,-0.09,0.75,0.34,-0.41,DISAGREE_depth,"Rhee group label CP-A13,14; Rhee's 0.34 m is shallower than the 0.45 m pavement structure"
CO-A14,CP-A14,order_within_label_group,styrofoam D1.0,29.05,28.88,-0.17,2.74,2.52,-0.22,DISAGREE_position_and_depth,
CO-D01,CP-B04,single_label,transverse drain pipe (box top),4.60,4.99,+0.39,1.54,1.45,-0.09,DISAGREE_position,
CO-D02,CP-B19,single_label,transverse drain pipe (box top),25.04,24.90,-0.14,1.51,1.48,-0.03,agree,
CO-B01,,ambiguous_group,"plastic container, water",1.00,0.96,-0.04,0.51,0.34,-0.17,DISAGREE_depth,"Rhee group label CP-B01,02,03 covers 4 drawn objects"
CO-B02,,ambiguous_group,"plastic container, empty",2.00,1.97,-0.03,0.51,0.34,-0.17,DISAGREE_depth,
CO-B03,,ambiguous_group,rock D0.6,1.98,1.98,+0.00,1.98,2.03,+0.05,agree,
CO-B04,,ambiguous_group,asphalt block,3.00,2.98,-0.02,0.51,0.34,-0.17,DISAGREE_depth,
CO-B05,CP-B05,order_within_label_group,"plastic container, water",7.00,6.98,-0.02,0.90,0.95,+0.05,agree,"Rhee group label CP-B05,06,07"
CO-B06,CP-B06,order_within_label_group,"plastic container, empty",8.00,7.97,-0.03,0.90,0.95,+0.05,agree,
CO-B07,CP-B07,order_within_label_group,asphalt block,9.00,8.94,-0.06,0.90,0.95,+0.05,agree,
CO-B08,,not_numbered,loosened zone 5.0x2.8,12.50,12.49,-0.01,0.51,0.34,-0.17,DISAGREE_depth,"extents: KEC 10.0-15.0 m, Rhee 10.0-14.97 m"
CO-B09,CP-B08,order_within_label_group,"earthenware, water (x2)",11.00,10.96,-0.04,2.05,1.98,-0.07,agree,"Rhee group label CP-B08,09,10,11"
CO-B10,CP-B09,order_within_label_group,styrofoam block,12.00,11.93,-0.07,2.05,1.98,-0.07,agree,Rhee symbol: white dotted rectangle; legend class not resolved at this resolution
CO-B11,CP-B10,order_within_label_group,concrete block,13.00,12.92,-0.08,2.05,1.98,-0.07,agree,
CO-B12,CP-B11,order_within_label_group,asphalt block,14.00,13.92,-0.08,2.05,1.98,-0.07,agree,
CO-B13,,not_numbered,loosened zone 5.0x2.8,17.50,17.45,-0.05,0.51,0.34,-0.17,DISAGREE_depth,"extents: KEC 15.0-20.0 m, Rhee 15.0-19.91 m"
CO-B14,CP-B12,order_within_label_group,"earthenware, water (x2)",15.95,15.90,-0.05,2.05,1.98,-0.07,agree,"Rhee group label CP-B12,13,14,15"
CO-B15,CP-B13,order_within_label_group,styrofoam block,17.00,16.91,-0.09,2.05,1.98,-0.07,agree,
CO-B16,CP-B14,order_within_label_group,concrete block,18.00,17.90,-0.10,2.05,1.98,-0.07,agree,
CO-B17,CP-B15,order_within_label_group,asphalt block,19.00,18.90,-0.10,2.05,1.98,-0.07,agree,
CO-B18,CP-B16,order_within_label_group,"plastic container, water",21.00,20.90,-0.10,0.90,1.06,+0.16,DISAGREE_depth,"Rhee group label CP-B16,17,18"
CO-B19,CP-B17,order_within_label_group,"plastic container, empty",22.00,21.89,-0.11,0.90,1.06,+0.16,DISAGREE_depth,
CO-B20,CP-B18,order_within_label_group,asphalt block,23.00,22.92,-0.08,0.90,1.06,+0.16,DISAGREE_depth,
CO-B21,CP-B20,order_within_label_group,"plastic container, water",27.05,26.89,-0.16,0.51,0.38,-0.13,DISAGREE_position,"Rhee group label CP-B20,21,22,23"
CO-B22,CP-B21,order_within_label_group,"plastic container, empty",28.00,27.89,-0.11,0.51,0.38,-0.13,agree,
CO-B23,CP-B22,order_within_label_group,asphalt block,29.00,28.84,-0.16,0.51,0.38,-0.13,DISAGREE_position,
CO-B24,CP-B23,order_within_label_group,steel plate (end marker),29.74,29.40,-0.34,0.51,0.39,-0.12,DISAGREE_position,KEC 29.5-30.0 m; Rhee 29.15-29.66 m
