specimen_id,object_id,object_type,material,role,dimensions_mm,x_mm,y_mm,y_extent_mm,z_centre_mm,z_top_mm,z_reference,orientation,scan_path_relation,source,source_location,evidence_grade,notes
Pk266,Pk266-duct-1,tendon_duct,duct (material not stated); concrete C32.5 GK16,target,inner 60 / outer 67 diameter,250,,0-800 (full width),274.5,241.0,top = centre - 33.5 (outer radius),along Y (crosses every scan line),scan lines run along X; each line crosses the duct once,Grohmann et al. 2026 Data in Brief 68:113103,Appendix B drawing (x-z lateral view; top view); diameters from Appendix B text,B_fabrication_drawing,drawing dimension is to the duct centre mark; outer diameter 67 mm stated in text while the drawing symbol is labelled 60
Pk266,Pk266-duct-2,tendon_duct,duct (material not stated),target,inner 60 / outer 67 diameter,750,,0-800 (full width),214.6,181.1,top = centre - 33.5 (outer radius),along Y,each line crosses the duct once,Grohmann et al. 2026,Appendix B drawing,B_fabrication_drawing,
Pk266,Pk266-duct-3,tendon_duct,duct (material not stated),target,inner 60 / outer 67 diameter,1250,,0-800 (full width),151.4,117.9,top = centre - 33.5 (outer radius),along Y,each line crosses the duct once,Grohmann et al. 2026,Appendix B drawing,B_fabrication_drawing,
Pk266,Pk266-duct-4,tendon_duct,duct (material not stated),target,inner 60 / outer 67 diameter,1750,,0-800 (full width),94.4,60.9,top = centre - 33.5 (outer radius),along Y,each line crosses the duct once,Grohmann et al. 2026,Appendix B drawing,B_fabrication_drawing,
Pk266,Pk266-rebar-edge,reinforcement,steel bars 10 mm,non_target_reflector,diameter 10,0-2000,~30-40 and ~760-770,near both long edges,30,25,centre,along X near long edges; stirrups/verticals at step edges X~500/1000/1500 (+30); one diagonal bar,inside Y < 100 and Y > 700 bands,Grohmann et al. 2026,Appendix B drawing p.2 (fx3); same geometry as Pk050,B_fabrication_drawing,positions approximate from drawing; not scored
Pk266,Pk266-backwall,step_back_wall,concrete/aluminium plate interface (5 mm Al),calibration_reflector,thickness 569.9 / 448.2 / 329.8 / 210.3 for X 0-500 / 500-1000 / 1000-1500 / 1500-2000,0-2000,0-800,full,,569.9|448.2|329.8|210.3,thickness of specimen per step,flat per 500 mm step,every trace,Grohmann et al. 2026,Appendix B drawing (x-z view); aluminium plates section 4.3,B_fabrication_drawing,used ONLY for t0/velocity calibration; never a scored target
Pk401,Pk401-cuboid-1,void_analogue_cuboid,polystyrene rigid foam; concrete C30/37 GK16,target,120 (X) x 120 (Y) x 60 (Z),250,398.2,338.2-458.2,270,240,top = centre - 30,flat cuboid,crossed by lines with Y in its extent,Grohmann et al. 2026,Appendix C drawing (x-z lateral view: depth to cuboid mid-line; top view: Y),B_fabrication_drawing,Y read as 398.2 from the top-view dimension chain (pixel check 401.6)
Pk401,Pk401-cuboid-2,void_analogue_cuboid,polystyrene rigid foam,target,120 x 120 x 60,750,398.2,338.2-458.2,210,180,top = centre - 30,flat cuboid,crossed by lines with Y in its extent,Grohmann et al. 2026,Appendix C drawing,B_fabrication_drawing,
Pk401,Pk401-cuboid-3,void_analogue_cuboid,polystyrene rigid foam,target,120 x 120 x 60,1250,498.2,438.2-558.2,150,120,top = centre - 30,flat cuboid,crossed by lines with Y in its extent,Grohmann et al. 2026,Appendix C drawing,B_fabrication_drawing,the only cuboid at Y 498.2 (pixel check 500.0)
Pk401,Pk401-cuboid-4,void_analogue_cuboid,polystyrene rigid foam,target,120 x 120 x 60,1750,398.2,338.2-458.2,90,60,top = centre - 30,flat cuboid,crossed by lines with Y in its extent,Grohmann et al. 2026,Appendix C drawing,B_fabrication_drawing,
Pk401,Pk401-borehole-1,grouted_borehole,grouting mortar CEM I 42.5 R,known_non_target,drilled from top surface; depth not dimensioned,368,359,,,0,surface,vertical,top surface,Grohmann et al. 2026,Appendix C drawing (top view dimension chain 368/506/647/827; 359/365/367/366),B_fabrication_drawing,X/Y pairing read left-to-right from the drawing; depth not dimensioned (drawn ~40-60 mm)
Pk401,Pk401-borehole-2,grouted_borehole,grouting mortar,known_non_target,depth not dimensioned,506,365,,,0,surface,vertical,top surface,Grohmann et al. 2026,Appendix C drawing,B_fabrication_drawing,
Pk401,Pk401-borehole-3,grouted_borehole,grouting mortar,known_non_target,depth not dimensioned,647,367,,,0,surface,vertical,top surface,Grohmann et al. 2026,Appendix C drawing,B_fabrication_drawing,
Pk401,Pk401-borehole-4,grouted_borehole,grouting mortar,known_non_target,depth not dimensioned,827,366,,,0,surface,vertical,top surface,Grohmann et al. 2026,Appendix C drawing,B_fabrication_drawing,
Pk401,Pk401-rebar,reinforcement,3 mm / 12 mm / 10 mm (unverified) / 3 mm (unverified) bars,non_target_reflector,see drawing,0-2000,within ~75 mm of both long edges,near long edges,25-100 (various; one diagonal bar),,centre,mostly along long edges; 12 mm bars at X~500 and ~1500; diagonal bar,mostly inside Y < 100 and Y > 700 bands,Grohmann et al. 2026,Appendix C drawing p.2 (fx5),B_fabrication_drawing,"several bars marked 'unverified' by the authors; not scored"
Pk401,Pk401-backwall,step_back_wall,concrete/aluminium plate interface,calibration_reflector,thickness 573.8 / 453.4 / 333.1 / 210.4 for X 0-500 / 500-1000 / 1000-1500 / 1500-2000,0-2000,0-796.4,full,,573.8|453.4|333.1|210.4,thickness per step,flat per step,every trace,Grohmann et al. 2026,Appendix C drawing,B_fabrication_drawing,specimen width is 796.4 mm (not 800); used ONLY for calibration
Pk050,Pk050-rebar,reinforcement,steel bars 10 mm,non_target_reflector,diameter 10,0-2000,~30-40 and ~760-770,near both long edges,30,25,centre,along X near long edges; verticals at step edges; one diagonal bar,inside Y < 100 and Y > 700 bands,Grohmann et al. 2026,Appendix A drawing p.2 (fx1b),B_fabrication_drawing,not scored; control specimen otherwise empty
Pk050,Pk050-anchor-A,impact_anchor,M16 galvanized steel in 20 mm drill hole,non_target_reflector,M16,1295 / 1302 (two faces),side faces (Y=0 and Y=800),side faces,160,,depth from top,horizontal into side faces,at the scan field edges,Grohmann et al. 2026,Appendix A drawing p.2,B_fabrication_drawing,anchors sit in the side faces; at the edges of the scan field
Pk050,Pk050-anchor-B,impact_anchor,M16 galvanized steel,non_target_reflector,M16,195 / 202 (two faces),side faces (Y=0 and Y=800),side faces,188,,depth from top,horizontal into side faces,at the scan field edges,Grohmann et al. 2026,Appendix A drawing p.2,B_fabrication_drawing,
Pk050,Pk050-backwall,step_back_wall,concrete/aluminium plate interface,calibration_reflector,thickness 571.3 / 452.0 / 330.9 / 210.8 for X 0-500 / 500-1000 / 1000-1500 / 1500-2000,0-2000,0-800,full,,571.3|452.0|330.9|210.8,thickness per step,flat per step,every trace,Grohmann et al. 2026,Appendix A drawing p.1 (fx1a),B_fabrication_drawing,used ONLY for calibration; Pk050 has no ducts or voids
